{
    "evaluation_results": {
        "roc_auc": 0.7144643364592214,
        "report": {
            "0": {
                "precision": 0.8410117434507678,
                "recall": 0.8995169082125604,
                "f1-score": 0.869281045751634,
                "support": 1035.0
            },
            "1": {
                "precision": 0.6556291390728477,
                "recall": 0.5294117647058824,
                "f1-score": 0.5857988165680473,
                "support": 374.0
            },
            "accuracy": 0.801277501774308,
            "macro avg": {
                "precision": 0.7483204412618077,
                "recall": 0.7144643364592214,
                "f1-score": 0.7275399311598407,
                "support": 1409.0
            },
            "weighted avg": {
                "precision": 0.7918044375335626,
                "recall": 0.801277501774308,
                "f1-score": 0.7940345207589715,
                "support": 1409.0
            }
        }
    },
    "best_parameters": {
        "model__learning_rate": 0.05,
        "model__n_estimators": 200,
        "model__subsample": 0.8
    },
    "best_score": 0.8626946334481257
}