{
    "evaluation_results": {
        "roc_auc": 0.7167674184298226,
        "report": {
            "0": {
                "precision": 0.842057761732852,
                "recall": 0.9014492753623189,
                "f1-score": 0.8707419505366308,
                "support": 1035.0
            },
            "1": {
                "precision": 0.6611295681063123,
                "recall": 0.5320855614973262,
                "f1-score": 0.5896296296296296,
                "support": 374.0
            },
            "accuracy": 0.8034066713981547,
            "macro avg": {
                "precision": 0.7515936649195821,
                "recall": 0.7167674184298225,
                "f1-score": 0.7301857900831302,
                "support": 1409.0
            },
            "weighted avg": {
                "precision": 0.7940328189249558,
                "recall": 0.8034066713981547,
                "f1-score": 0.7961244856542898,
                "support": 1409.0
            }
        }
    },
    "best_parameters": {
        "model__learning_rate": 0.05,
        "model__n_estimators": 200,
        "model__subsample": 0.8
    },
    "best_score": 0.8611147429982676
}