{
    "evaluation_results": {
        "roc_auc": 0.707521506626366,
        "report": {
            "0": {
                "precision": 0.8364611260053619,
                "recall": 0.9043478260869565,
                "f1-score": 0.8690807799442897,
                "support": 1035.0
            },
            "1": {
                "precision": 0.6586206896551724,
                "recall": 0.5106951871657754,
                "f1-score": 0.5753012048192772,
                "support": 374.0
            },
            "accuracy": 0.7998580553584103,
            "macro avg": {
                "precision": 0.7475409078302672,
                "recall": 0.707521506626366,
                "f1-score": 0.7221909923817834,
                "support": 1409.0
            },
            "weighted avg": {
                "precision": 0.7892557866192932,
                "recall": 0.7998580553584103,
                "f1-score": 0.7911009636939316,
                "support": 1409.0
            }
        }
    },
    "best_parameters": {
        "model__learning_rate": 0.05,
        "model__n_estimators": 100,
        "model__subsample": 0.8
    },
    "best_score": 0.860355401160301
}