{
    "evaluation_results": {
        "roc_auc": 0.6420251104394328,
        "report": {
            "0": {
                "precision": 0.7986852917009039,
                "recall": 0.9391304347826087,
                "f1-score": 0.8632326820603907,
                "support": 1035.0
            },
            "1": {
                "precision": 0.671875,
                "recall": 0.3449197860962567,
                "f1-score": 0.4558303886925795,
                "support": 374.0
            },
            "accuracy": 0.7814052519517388,
            "macro avg": {
                "precision": 0.7352801458504519,
                "recall": 0.6420251104394327,
                "f1-score": 0.6595315353764851,
                "support": 1409.0
            },
            "weighted avg": {
                "precision": 0.7650252142728428,
                "recall": 0.7814052519517388,
                "f1-score": 0.7550932514574372,
                "support": 1409.0
            }
        }
    },
    "best_parameters": {
        "model__algorithm": "auto",
        "model__n_neighbors": 10,
        "model__weights": "uniform"
    },
    "best_score": 0.7753766910718152
}