{
    "evaluation_results": {
        "roc_auc": 0.6394972745356378,
        "report": {
            "0": {
                "precision": 0.7980132450331126,
                "recall": 0.9314009661835749,
                "f1-score": 0.8595630851538119,
                "support": 1035.0
            },
            "1": {
                "precision": 0.6467661691542289,
                "recall": 0.34759358288770054,
                "f1-score": 0.45217391304347826,
                "support": 374.0
            },
            "accuracy": 0.7764371894960965,
            "macro avg": {
                "precision": 0.7223897070936707,
                "recall": 0.6394972745356378,
                "f1-score": 0.6558684990986451,
                "support": 1409.0
            },
            "weighted avg": {
                "precision": 0.7578667536358789,
                "recall": 0.7764371894960965,
                "f1-score": 0.7514271374112534,
                "support": 1409.0
            }
        }
    },
    "best_parameters": {
        "model__algorithm": "auto",
        "model__n_neighbors": 10,
        "model__weights": "uniform"
    },
    "best_score": 0.777538250521715
}