{
    "evaluation_results": {
        "roc_auc": 0.7129362680513576,
        "report": {
            "0": {
                "precision": 0.8423963133640553,
                "recall": 0.8830917874396135,
                "f1-score": 0.8622641509433963,
                "support": 1035.0
            },
            "1": {
                "precision": 0.6265432098765432,
                "recall": 0.5427807486631016,
                "f1-score": 0.5816618911174785,
                "support": 374.0
            },
            "accuracy": 0.7927608232789212,
            "macro avg": {
                "precision": 0.7344697616202993,
                "recall": 0.7129362680513576,
                "f1-score": 0.7219630210304373,
                "support": 1409.0
            },
            "weighted avg": {
                "precision": 0.7851010254262771,
                "recall": 0.7927608232789212,
                "f1-score": 0.7877820748788872,
                "support": 1409.0
            }
        }
    },
    "best_parameters": {
        "model__C": 100,
        "model__penalty": "l2",
        "model__solver": "lbfgs"
    },
    "best_score": 0.8492313840531942
}