{
    "evaluation_results": {
        "roc_auc": 0.7025782117853729,
        "report": {
            "0": {
                "precision": 0.8352941176470589,
                "recall": 0.8917874396135266,
                "f1-score": 0.8626168224299066,
                "support": 1035.0
            },
            "1": {
                "precision": 0.631578947368421,
                "recall": 0.5133689839572193,
                "f1-score": 0.5663716814159292,
                "support": 374.0
            },
            "accuracy": 0.7913413768630234,
            "macro avg": {
                "precision": 0.7334365325077399,
                "recall": 0.7025782117853729,
                "f1-score": 0.7144942519229178,
                "support": 1409.0
            },
            "weighted avg": {
                "precision": 0.7812206799719627,
                "recall": 0.7913413768630234,
                "f1-score": 0.7839825550493335,
                "support": 1409.0
            }
        }
    },
    "best_parameters": {
        "model__C": 100,
        "model__penalty": "l2",
        "model__solver": "lbfgs"
    },
    "best_score": 0.8446366042921793
}