{
    "evaluation_results": {
        "roc_auc": 0.7027357978764628,
        "report": {
            "0": {
                "precision": 0.8320209973753281,
                "recall": 0.9188405797101449,
                "f1-score": 0.8732782369146006,
                "support": 1035.0
            },
            "1": {
                "precision": 0.6842105263157895,
                "recall": 0.48663101604278075,
                "f1-score": 0.56875,
                "support": 374.0
            },
            "accuracy": 0.8041163946061036,
            "macro avg": {
                "precision": 0.7581157618455587,
                "recall": 0.7027357978764628,
                "f1-score": 0.7210141184573002,
                "support": 1409.0
            },
            "weighted avg": {
                "precision": 0.7927867062637116,
                "recall": 0.8041163946061036,
                "f1-score": 0.7924453337165448,
                "support": 1409.0
            }
        }
    },
    "best_parameters": {
        "model__max_features": "sqrt",
        "model__min_samples_leaf": 10,
        "model__n_estimators": 200
    },
    "best_score": 0.8595639164372122
}