{
    "evaluation_results": {
        "roc_auc": 0.7118693327133225,
        "report": {
            "0": {
                "precision": 0.8377659574468085,
                "recall": 0.9130434782608695,
                "f1-score": 0.8737864077669902,
                "support": 1035.0
            },
            "1": {
                "precision": 0.6797153024911032,
                "recall": 0.5106951871657754,
                "f1-score": 0.583206106870229,
                "support": 374.0
            },
            "accuracy": 0.8062455642299503,
            "macro avg": {
                "precision": 0.7587406299689559,
                "recall": 0.7118693327133225,
                "f1-score": 0.7284962573186096,
                "support": 1409.0
            },
            "weighted avg": {
                "precision": 0.7958135479695666,
                "recall": 0.8062455642299503,
                "f1-score": 0.7966557956056072,
                "support": 1409.0
            }
        }
    },
    "best_parameters": {
        "model__max_features": "sqrt",
        "model__min_samples_leaf": 10,
        "model__n_estimators": 200
    },
    "best_score": 0.858563129319936
}