{
    "evaluation_results": {
        "roc_auc": 0.7000955850060709,
        "report": {
            "0": {
                "precision": 0.831858407079646,
                "recall": 0.9082125603864735,
                "f1-score": 0.8683602771362586,
                "support": 1035.0
            },
            "1": {
                "precision": 0.6594982078853047,
                "recall": 0.4919786096256685,
                "f1-score": 0.5635528330781011,
                "support": 374.0
            },
            "accuracy": 0.7977288857345636,
            "macro avg": {
                "precision": 0.7456783074824753,
                "recall": 0.7000955850060709,
                "f1-score": 0.7159565551071798,
                "support": 1409.0
            },
            "weighted avg": {
                "precision": 0.7861077225525462,
                "recall": 0.7977288857345636,
                "f1-score": 0.7874532621768897,
                "support": 1409.0
            }
        }
    },
    "best_parameters": {
        "model__max_features": "sqrt",
        "model__min_samples_leaf": 10,
        "model__n_estimators": 50
    },
    "best_score": 0.8608094202673879
}